ALL PLANTS : New Castle County DE,,,,,,,,,,,,,,,,
Family as listed by Bonap,genera,common name,herbaceous or woody,Native Delaware Leps,,,,,,,,,,,,
Euphorbiaceae ,Acalypha,copperleaf,h,5,,,,,,,,,,,,
Aceraceae,Acer,"maple, boxelder",w,256,,,,,,,,,,,,
Asteraceae,Achillea,"yarrow, sneezeweed",h,11,,,,,,,,,,,,
Ranunculaceae,Actaea,"baneberry, bugbane",h,3,,,,,,,,,,,,
Fabaceae,Aeschynomene,"shyleaf, jointvetch",h,1,,,,,,,,,,,,
Orobanchaceae,Agalinis,false foxglove ,h,4,,,,,,,,,,,,
Lamiaceae,Agastache,hyssop,h,3,,,,,,,,,,,,
Asteraceae,Ageratina,snakeroot,h,5,,,,,,,,,,,,
Rosaceae ,Agrimonia,"agrimony, churchsteeples",h,1,,,,,,,,,,,,
Poaceae,Agrostis,bent grass,h,11,,,,,,,,,,,,
Alismataceae,Alisma,water plantain,h,1,,,,,,,,,,,,
Alliaceae,Allium,onion,h,17,,,,,,,,,,,,
Betulaceae,Alnus,alder,w,164,,,,,,,,,,,,
Poaceae,Alopecurus,foxtail,h,2,,,,,,,,,,,,
Amaranthaceae ,Amaranthus,"pigweed, amaranth",h,31,,,,,,,,,,,,
Asteraceae,Ambrosia,ragweed,h,51,,,,,,,,,,,,
Rosaceae ,Amelanchier,"serviceberry, juneberry, shadbush",w,91,,,,,,,,,,,,
Poaceae ,Ammophila,beachgrass,h,2,,,,,,,,,,,,
Fabaceae,Amorpha,"false indigo, indigobush, leadplant",h,23,,,,,,,,,,,,
Fabaceae,Amphicarpaea,hogpeanut,h,7,,,,,,,,,,,,
Asteraceae,Anaphalis,pearly everlasting,h,4,,,,,,,,,,,,
Poaceae,Andropogon,"bluestem, broomsedge bluestem",h,14,,,,,,,,,,,,
Ranunculaceae,Anemone,"anemone, thimbleweed",h,2,,,,,,,,,,,,
Apiaceae,Angelica,angelica,h,3,,,,,,,,,,,,
Asteraceae,Antennaria,pussytoes,h,1,,,,,,,,,,,,
Fabaceae,Apios,groundnut,h,4,,,,,,,,,,,,
Apocynaceae,Apocynum,dogbane,h,14,,,,,,,,,,,,
Ranunculaceae,Aquilegia,columbine,h,11,,,,,,,,,,,,
Brassicaceae,Arabidopsis,"mouseear cress, rock cress",h,1,,,,,,,,,,,,
Araliaceae,Aralia,"devil's walkingstick, spikenard, sarsaparilla",h,6,,,,,,,,,,,,
Araceae,Arisaema,"jack-in-the-pulpit, cobralily, arisaema",h,1,,,,,,,,,,,,
Asteraceae,Arnoglossum,"cacalia, Indian plaintain",h,1,,,,,,,,,,,,
Rosaceae ,Aronia,black chokeberry,w,34,,,,,,,,,,,,
Aristolochiaceae,Asarum,wildginger,h,1,,,,,,,,,,,,
Asclepiadaceae,Asclepias,"milkweed, butterfly weed",h,12,,,,,,,,,,,,
Annonaceae,Asimina,pawpaw,w,12,,,,,,,,,,,,
Athyriaceae,Athyrium,ladyfern,h,2,,,,,,,,,,,,
Amaranthaceae,Atriplex,"saltbush, orache",h,6,,,,,,,,,,,,
Orobanchaceae,Aureolaria,false foxglove,h,6,,,,,,,,,,,,
Salviniaceae,Azolla,mosquitofern,h,1,,,,,,,,,,,,
Asteraceae ,Baccharis,baccharis,h,19,,,,,,,,,,,,
Fabaceae,Baptisia,"indigo, wild indigo",h,19,,,,,,,,,,,,
Betulaceae,Betula,birch,w,285,,,,,,,,,,,,
Asteraceae ,Bidens,beggers ticks,h,14,,,,,,,,,,,,
Urticaceae,Boehmeria,false nettle,h,6,,,,,,,,,,,,
Brassicaceae,Borodinia,"False Rockcress, Sicklepod",h,1,,,,,,,,,,,,
Poaceae,Bouteloua,"buffalo grass, grama",h,1,,,,,,,,,,,,
Cabombaceae,Brasenia,"brasenia, watershield ",h,6,,,,,,,,,,,,
Asteraceae ,Brickellia,"false boneset, bricklebush",h,2,,,,,,,,,,,,
Poaceae,Bromus,brome,h,10,,,,,,,,,,,,
Orobanchaceae,Buchnera,bluehearts,h,1,,,,,,,,,,,,
Brassicaceae,Cakile,searocket,h,2,,,,,,,,,,,,
Poaceae,Calamagrostis,feather reed grass,h,3,,,,,,,,,,,,
Convolvulaceae ,Calystegia,false bindweed,h,3,,,,,,,,,,,,
Campanulaceae  ,Campanula,bellflower,h,1,,,,,,,,,,,,
Bignoniaceae,Campsis,"trumpetcreeper, trumpet vine",w,6,,,,,,,,,,,,
Brassicaceae,Cardamine,"bittercress, toothwort",h,2,,,,,,,,,,,,
Cyperaceae,Carex,"sedge, burr reed",h,19,,,,,,,,,,,,
Betulaceae,Carpinus,American hornbeam,w,68,,,,,,,,,,,,
Juglandaceae,Carya,"hickory, pecan, pignut, bitternut",w,224,,,,,,,,,,,,
Fagaceae,Castanea,chestnut,w,109,,,,,,,,,,,,
Orobanchaceae,Castilleja,Indian paintbrush,h,3,,,,,,,,,,,,
Berberidaceae,Caulophyllum,"cohosh, blue cohosh, giant cohosh",h,3,,,,,,,,,,,,
Rhamnaceae,Ceanothus,New Jersey tea,w,38,,,,,,,,,,,,
Celastraceae,Celastrus,bittersweet,w,6,,,,,,,,,,,,
Ulmaceae,Celtis,"hackberry, sugar berry",w,41,,,,,,,,,,,,
Poaceae,Cenchrus,sandbur,h,3,,,,,,,,,,,,
Fabaceae,Centrosema,butterfly pea,h,4,,,,,,,,,,,,
Rubiaceae,Cephalanthus,buttonbush,w,25,,,,,,,,,,,,
Caryophyllaceae ,Cerastium,"chickweed, snow-in-summer",h,5,,,,,,,,,,,,
Fabaceae,Cercis,"redbud, judas-tree",w,22,,,,,,,,,,,,
Apiaceae,Chaerophyllum,chervil,h,1,,,,,,,,,,,,
Fabaceae,Chamaecrista,"partridge pea, sensitive pea",h,7,,,,,,,,,,,,
Cupressaceae,Chamaecyparis,"Atlantic white cedar, white cedar",w,14,,,,,,,,,,,,
Ericaceae,Chamaedaphne,leatherleaf,w,10,,,,,,,,,,,,
Onagraceae,Chamaenerion,Fireweed,h,2,,,,,,,,,,,,
Poaceae,Chasmanthium,"woodoats, northern sea oats",h,4,,,,,,,,,,,,
Plantaginaceae,Chelone,turtlehead,h,4,,,,,,,,,,,,
Amaranthaceae,Chenopodium,"goosefoot, lambsquarters ",h,35,,,,,,,,,,,,
Ericaceae,Chimaphila,"pipsissewa, prince's pine ",h,2,,,,,,,,,,,,
Oleaceae,Chionanthus,fringetree,w,11,,,,,,,,,,,,
Asteraceae ,Chrysopsis,goldenaster,h,3,,,,,,,,,,,,
Apiaceae,Cicuta,water hemlock,h,6,,,,,,,,,,,,
Asteraceae,Cirsium,thistle,h,26,,,,,,,,,,,,
Ranunculaceae,Clematis,"clematis, leather flower",h,10,,,,,,,,,,,,
Clethraceae,Clethra,"summersweet, sweetpepperbush",w,10,,,,,,,,,,,,
Fabaceae,Clitoria,pigeonwings,h,3,,,,,,,,,,,,
Lamiaceae,Collinsonia,"stoneroot, richweed",h,4,,,,,,,,,,,,
Santalaceae,Comandra,bastard toadflax,h,4,,,,,,,,,,,,
Myricaceae,Comptonia,sweet fern,w,47,,,,,,,,,,,,
Asteraceae ,Coreopsis,"tickseed, coreopsis",h,5,,,,,,,,,,,,
Cornaceae,Cornus,"dogwood, bunchberry",w,103,,,,,,,,,,,,
Betulaceae,Corylus,"filbert, hazel, hazelnut",w,102,,,,,,,,,,,,
Crassulaceae,Crassula,pygmyweed,h,1,,,,,,,,,,,,
Rosaceae ,Crataegus,hawthorn,w,123,,,,,,,,,,,,
Cistaceae,Crocanthemum,"Frostweed, Rush-Rose",w,3,,,,,,,,,,,,
Fabaceae,Crotalaria,"showy rattlebox, rattleweed",h,6,,,,,,,,,,,,
Euphorbiaceae ,Croton,"firebush, croton, prairie tea",h,6,,,,,,,,,,,,
Apiaceae,Cryptotaenia,honewort,h,1,,,,,,,,,,,,
Convolvulaceae,Cuscuta,dodder,h,1,,,,,,,,,,,,
Boraginaceae,Cynoglossum,"comfrey, hound's tongue",h,1,,,,,,,,,,,,
Cyperaceae,Cyperus,"yellow nutgrass, nutgrass, chufa, flatsedge",h,5,,,,,,,,,,,,
Orchidaceae ,Cypripedium,lady's slipper,h,1,,,,,,,,,,,,
Poaceae,Danthonia,oatgrass,h,2,,,,,,,,,,,,
Lythraceae ,Decodon,swamp loosestrife,w,5,,,,,,,,,,,,
Dennstaedtiaceae,Dennstaedtia,hayscented fern,h,3,,,,,,,,,,,,
Fabaceae,Desmanthus,bundleflower,h,1,,,,,,,,,,,,
Fabaceae,Desmodium,"begger weed, tick trefoil",h,17,,,,,,,,,,,,
Poaceae,Dichanthelium,"deertongue witchgrass, panicgrass, rosette grass",h,4,,,,,,,,,,,,
Diervillaceae,Diervilla,bush honeysuckle,w,4,,,,,,,,,,,,
Poaceae,Digitaria,"crabgrass, African couchgrass, Arizona cottontop, fall witchgrass",h,20,,,,,,,,,,,,
Rubiaceae,Diodia,"buttonweed, poorjoe",h,1,,,,,,,,,,,,
Ebenaceae,Diospyros,persimmon,w,47,,,,,,,,,,,,
Thymelaeaceae,Dirca,leatherwood,w,1,,,,,,,,,,,,
Poaceae,Distichlis,saltgrass,h,4,,,,,,,,,,,,
Asteraceae,Doellingeria,whitetop,h,11,,,,,,,,,,,,
Droseraceae,Drosera,sundew,h,1,,,,,,,,,,,,
Dryopteridaceae,Dryopteris,wood ferns,h,2,,,,,,,,,,,,
Poaceae,Echinochloa,"barnyardgrass, cockspur",h,4,,,,,,,,,,,,
Cucurbitaceae ,Echinocystis,wild cucumber,h,2,,,,,,,,,,,,
Asteraceae,Eclipta,"eclipta, false daisy ",h,1,,,,,,,,,,,,
Cyperaceae,Eleocharis,spikerush,h,3,,,,,,,,,,,,
Asteraceae,Elephantopus,elephantfoot,h,1,,,,,,,,,,,,
Hydrocharitaceae,Elodea,waterweed,h,1,,,,,,,,,,,,
Poaceae,Elymus,"rye, wheat, bottlebrush grass",h,14,,,,,,,,,,,,
Aristolochiaceae,Endodeca,Virginia snakeroot ,h,1,,,,,,,,,,,,
Ericaceae ,Epigaea,trailing arbutus,h,1,,,,,,,,,,,,
Onagraceae,Epilobium,willowherb,h,18,,,,,,,,,,,,
Poaceae,Eragrostis,lovegrass,h,5,,,,,,,,,,,,
Asteraceae,Erigeron,fleabane,h,25,,,,,,,,,,,,
Apiaceae,Eryngium,"sea holly, rattlesnakemaster, eryngo",h,3,,,,,,,,,,,,
Ericaceae,Eubotrys,Deciduous-Doghobble,w,3,,,,,,,,,,,,
Celastraceae,Euonymus,"wahoo, burningbush, euonymus, spindletree, burstingheart, wintercreeper, strawberrybush",w,13,,,,,,,,,,,,
Asteraceae,Eupatorium,"thoroughwort, dogfennel, boneset",h,38,,,,,,,,,,,,
Euphorbiaceae ,Euphorbia,"poinsettia, spurge, snow-on-the-mountain",h,8,,,,,,,,,,,,
Asteraceae,Eurybia,aster,h,1,,,,,,,,,,,,
Asteraceae,Euthamia,"goldentop, flat-top goldentop",h,7,,,,,,,,,,,,
Asteraceae,Eutrochium,"joe pye weed, trumpetweed",h,1,,,,,,,,,,,,
Fagaceae,Fagus,beech,w,125,,,,,,,,,,,,
Polygonaceae,Fallopia,"Black-Bindweed, Fleecevine, Japanese knotweed",w,4,,,,,,,,,,,,
Poaceae,Festuca,fescue,h,4,,,,,,,,,,,,
Rosaceae ,Fragaria,strawberry,h,63,,,,,,,,,,,,
Oleaceae,Fraxinus,ash,w,124,,,,,,,,,,,,
Fabaceae,Galactia,milkpea,h,5,,,,,,,,,,,,
Rubiaceae,Galium,bedstraw,h,13,,,,,,,,,,,,
Asteraceae,Gamochaeta,everlasting,h,1,,,,,,,,,,,,
Ericaceae,Gaultheria,snowberry,w,1,,,,,,,,,,,,
Ericaceae ,Gaylussacia,"huckleberry, dangleberry",w,39,,,,,,,,,,,,
Gentianaceae,Gentiana,gentian,h,1,,,,,,,,,,,,
Gentianaceae,Gentianopsis,fringed gentian,h,1,,,,,,,,,,,,
Geraniaceae,Geranium,geranium,h,24,,,,,,,,,,,,
Rosaceae ,Geum,avens,h,2,,,,,,,,,,,,
Fabaceae,Gleditsia,"honeylocust, gleditsia",w,38,,,,,,,,,,,,
Poaceae,Glyceria,"managrass, fowl managrass",h,4,,,,,,,,,,,,
Fabaceae,Gymnocladus,Kentucy coffee tree,w,3,,,,,,,,,,,,
Hamamelidaceae,Hamamelis,witchhazel,w,68,,,,,,,,,,,,
Lamiaceae,Hedeoma,false pennyroyal,h,2,,,,,,,,,,,,
Asteraceae,Helenium,sneezeweed,h,6,,,,,,,,,,,,
Asteraceae,Helianthus,sunflower,h,57,,,,,,,,,,,,
Asteraceae,Heliopsis,"smooth oxeye, mountain oxeye ",h,1,,,,,,,,,,,,
Apiaceae,Heracleum,"cow parsnip, giant hogweed, eltrot",h,4,,,,,,,,,,,,
Malvaceae ,Hibiscus,"hibiscus, rosemallow",h,25,,,,,,,,,,,,
Asteraceae,Hieracium,hawkweed,h,2,,,,,,,,,,,,
Poaceae,Hordeum,barley,h,17,,,,,,,,,,,,
Rubiaceae,Houstonia,bluet,h,1,,,,,,,,,,,,
Cistaceae,Hudsonia,goldenheather,h,2,,,,,,,,,,,,
Hydrangeaceae,Hydrangea,hydrangea,w,9,,,,,,,,,,,,
Araliaceae,Hydrocotyle,marshpennywort,h,4,,,,,,,,,,,,
Hydrophyllaceae ,Hydrophyllum,waterleaf,h,1,,,,,,,,,,,,
Fabaceae,Hylodesmum,Tick-Clover,h,3,,,,,,,,,,,,
Hypericaceae,Hypericum,St.Johns wort,h,16,,,,,,,,,,,,
Aquifoliaceae,Ilex,"holly, inkberry, winterberry",w,44,,,,,,,,,,,,
Balsaminaceae,Impatiens,"touch-me-not, impatiens",h,13,,,,,,,,,,,,
Asteraceae,Ionactis,aster,h,1,,,,,,,,,,,,
Convolvulaceae ,Ipomoea,"morning glory, redstar, sweet potato",h,37,,,,,,,,,,,,
Iridaceae ,Iris,iris,h,13,,,,,,,,,,,,
Iteaceae,Itea,Virginia sweetspire,h,2,,,,,,,,,,,,
Asteraceae,Iva,marshelder,h,2,,,,,,,,,,,,
Juglandaceae,Juglans,"butternut, walnut",w,124,,,,,,,,,,,,
Juncaceae,Juncus,rush,h,8,,,,,,,,,,,,
Cupressaceae,Juniperus,"juniper, red cedar",w,26,,,,,,,,,,,,
Acanthaceae,Justicia,looseflower waterwillow,h,4,,,,,,,,,,,,
Ericaceae ,Kalmia,"mountainlaurel, sheep laurel, bog laurel, whitewicky",w,25,,,,,,,,,,,,
Malvaceae ,Kosteletzkya,Virginia saltmarsh mallow,h,1,,,,,,,,,,,,
Asteraceae,Lactuca,lettuce,h,47,,,,,,,,,,,,
Urticaceae,Laportea,woodnettle,h,8,,,,,,,,,,,,
Cistaceae,Lechea,pinweed,h,1,,,,,,,,,,,,
Poaceae,Leersia,"southern cutgrass, cutgrass",h,3,,,,,,,,,,,,
Lemnaceae ,Lemna,duckweed,h,4,,,,,,,,,,,,
Brassicaceae,Lepidium,"peppergrass, pepperweed",h,6,,,,,,,,,,,,
Fabaceae,Lespedeza,bush clover,h,20,,,,,,,,,,,,
Asteraceae,Liatris,blazing star,h,4,,,,,,,,,,,,
Liliaceae,Lilium,"lily, tiger lily",h,9,,,,,,,,,,,,
Hydrocharitaceae,Limnobium,spongeplant,h,3,,,,,,,,,,,,
Plumbaginaceae,Limonium,"sealavander, statice",h,5,,,,,,,,,,,,
Lauraceae,Lindera,spicebush,w,12,,,,,,,,,,,,
Linderniaceae,Lindernia,false pimpernel ,h,1,,,,,,,,,,,,
Linaceae,Linum,flax,h,14,,,,,,,,,,,,
Hamamelidaceae,Liquidambar,sweetgum,w,34,,,,,,,,,,,,
Magnoliaceae ,Liriodendron,"tulip poplar, tuliptree",w,19,,,,,,,,,,,,
Boraginaceae,Lithospermum,stoneseed,h,2,,,,,,,,,,,,
Campanulaceae,Lobelia,"lobelia, cardinalflower",h,5,,,,,,,,,,,,
Caprifoliaceae ,Lonicera,honeysuckle,w,30,,,,,,,,,,,,
Onagraceae,Ludwigia,"false loosestrife, primrose-willow",h,4,,,,,,,,,,,,
Fabaceae,Lupinus,lupine,h,24,,,,,,,,,,,,
Lamiaceae,Lycopus,"bugleweed, waterhorehound, gypsywort ",h,2,,,,,,,,,,,,
Ericaceae ,Lyonia,"maleberry, staggerbush",w,10,,,,,,,,,,,,
Primulaceae,Lysimachia,"yellow loosestrife, fringed loosestrife",h,4,,,,,,,,,,,,
Magnoliaceae ,Magnolia,"magnolia, sweetbay",w,19,,,,,,,,,,,,
Ruscaceae,Maianthemum,"mayflower, false lily of the valley",h,4,,,,,,,,,,,,
Rosaceae ,Malus,"crabapple, apple",w,233,,,,,,,,,,,,
Asteraceae,Matricaria,mayweed,h,1,,,,,,,,,,,,
Onocleaceae,Matteuccia,ostrich fern,h,2,,,,,,,,,,,,
Menispermaceae,Menispermum,moonseed,w,1,,,,,,,,,,,,
Lamiaceae,Mentha,"mint, spearmint , peppermint",h,24,,,,,,,,,,,,
Menyanthaceae,Menyanthes,buckbean,h,2,,,,,,,,,,,,
Boraginaceae,Mertensia,bluebells,h,1,,,,,,,,,,,,
Linderniaceae,Micranthemum,mudflower,h,2,,,,,,,,,,,,
Asteraceae,Mikania,climbing hempvine,h,2,,,,,,,,,,,,
Poaceae,Milium,milletgrass,h,1,,,,,,,,,,,,
Phrymaceae,Mimulus,monkeyflower,h,5,,,,,,,,,,,,
Lamiaceae,Monarda,"beebalm, wild bergamot",h,9,,,,,,,,,,,,
Ericaceae,Monotropa,"indianpipe, pinesap",h,1,,,,,,,,,,,,
Myricaceae,Morella,"red bayberry, wax myrtle, northern bayberry",w,36,,,,,,,,,,,,
Moraceae,Morus,mulberry,w,6,,,,,,,,,,,,
Poaceae,Muhlenbergia,muhly,h,2,,,,,,,,,,,,
Boraginaceae,Myosotis,forget-me-not,h,3,,,,,,,,,,,,
Haloragaceae,Myriophyllum,watermilfoil,h,4,,,,,,,,,,,,
Asteraceae,Nabalus, Rattlesnake-Root,h,3,,,,,,,,,,,,
Nelumbonaceae,Nelumbo,lotus,h,5,,,,,,,,,,,,
Nymphaeaceae,Nuphar,pond lily,h,8,,,,,,,,,,,,
Plantaginaceae,Nuttallanthus,toadflax,h,2,,,,,,,,,,,,
Nymphaeaceae,Nymphaea,waterlily,h,9,,,,,,,,,,,,
Nyssaceae,Nyssa,"blackgum, sourgum, tupelo",w,34,,,,,,,,,,,,
Asteraceae,Oclemena,aster,h,1,,,,,,,,,,,,
Onagraceae,Oenothera,evening primrose,h,15,,,,,,,,,,,,
Onocleaceae,Onoclea,sensitive fern,h,4,,,,,,,,,,,,
Cactaceae,Opuntia,"pricklypear, devil's-tongue, cactus apple",h,4,,,,,,,,,,,,
Araceae,Orontium,goldenclub,h,4,,,,,,,,,,,,
Apiaceae,Osmorhiza,sweetroot,h,1,,,,,,,,,,,,
Osmundaceae,Osmunda,"royal fern, interupted fern",h,6,,,,,,,,,,,,
Betulaceae,Ostrya,"tupelo, ironwood",w,81,,,,,,,,,,,,
Oxalidaceae,Oxalis,woodsorrel,h,4,,,,,,,,,,,,
Ericaceae ,Oxydendrum,sourwood,w,13,,,,,,,,,,,,
Apiaceae,Oxypolis,cowbane,h,1,,,,,,,,,,,,
Asteraceae ,Packera,ragwort,h,1,,,,,,,,,,,,
Araliaceae,Panax,ginseng,h,1,,,,,,,,,,,,
Poaceae,Panicum,"bulb panic grass, guineagrass, maidencane, winged panicgrass, panicgrass, torpedograss, proso millet ",h,25,,,,,,,,,,,,
Vitaceae,Parthenocissus,"virginia creeper, woodbine, Boston Ivy",w,28,,,,,,,,,,,,
Poaceae,Paspalum,"paspalum, dallisgrass, vaseygrass, crowngrass",h,10,,,,,,,,,,,,
Passifloraceae ,Passiflora,"passionflower, passion-vine",h,4,,,,,,,,,,,,
Orobanchaceae,Pedicularis,lousewort,h,4,,,,,,,,,,,,
Plantaginaceae,Penstemon,"beardtongue, penstemon",h,9,,,,,,,,,,,,
Polygonaceae,Persicaria," Lady's-Thumb, Smartweed, Tearthumb",h,27,,,,,,,,,,,,
Hydrophyllaceae ,Phacelia,phacelia,h,2,,,,,,,,,,,,
Poaceae,Phalaris,canary grass,h,1,,,,,,,,,,,,
Fabaceae,Phaseolus,beans,h,58,,,,,,,,,,,,
Polemoniaceae,Phlox,phlox,h,6,,,,,,,,,,,,
Santalaceae,Phoradendron,mistletoe,w,2,,,,,,,,,,,,
Poaceae,Phragmites,common reed,h,3,,,,,,,,,,,,
Verbenaceae,Phyla,turkey tangle fogfruit,h,2,,,,,,,,,,,,
Solanaceae ,Physalis,groundcherry,h,10,,,,,,,,,,,,
Rosaceae ,Physocarpus,ninebark,w,29,,,,,,,,,,,,
Phytolaccaceae,Phytolacca,pokeweed,h,9,,,,,,,,,,,,
Phytolaccaceae,Phytolacca,pokeweed,h,9,,,,,,,,,,,,
Urticaceae,Pilea,clear weed,h,3,,,,,,,,,,,,
Urticaceae,Pilea,clear weed,h,3,,,,,,,,,,,,
Pinaceae,Pinus,pine,w,146,,,,,,,,,,,,
Pinaceae,Pinus,pine,w,146,,,,,,,,,,,,
Plantaginaceae ,Plantago,plantain,h,52,,,,,,,,,,,,
Plantaginaceae ,Plantago,plantain,h,52,,,,,,,,,,,,
Orchidaceae ,Platanthera,fringed orchid,h,1,,,,,,,,,,,,
Orchidaceae ,Platanthera,fringed orchid,h,1,,,,,,,,,,,,
Platanaceae,Platanus,sycamore,w,42,,,,,,,,,,,,
Platanaceae,Platanus,sycamore,w,42,,,,,,,,,,,,
Asteraceae,Pluchea,"camphorweed, sweetscent",h,3,,,,,,,,,,,,
Asteraceae,Pluchea,"camphorweed, sweetscent",h,3,,,,,,,,,,,,
Poaceae,Poa,blue grass,h,35,,,,,,,,,,,,
Poaceae,Poa,blue grass,h,35,,,,,,,,,,,,
Berberidaceae,Podophyllum,mayapple,h,6,,,,,,,,,,,,
Berberidaceae,Podophyllum,mayapple,h,6,,,,,,,,,,,,
Polemoniaceae,Polemonium,"Jacob's-ladder, Greek valerian",h,1,,,,,,,,,,,,
Polemoniaceae,Polemonium,"Jacob's-ladder, Greek valerian",h,1,,,,,,,,,,,,
Polygalaceae,Polygala,milkwort,h,1,,,,,,,,,,,,
Polygalaceae,Polygala,milkwort,h,1,,,,,,,,,,,,
Ruscaceae,Polygonatum,Solomon's seal,h,1,,,,,,,,,,,,
Ruscaceae,Polygonatum,Solomon's seal,h,1,,,,,,,,,,,,
Polygonaceae ,Polygonum,"knotweed, smartweed",h,46,,,,,,,,,,,,
Polygonaceae ,Polygonum,"knotweed, smartweed",h,46,,,,,,,,,,,,
Polygonaceae ,Polypodium,polypody,h,1,,,,,,,,,,,,
Polygonaceae ,Polypodium,polypody,h,1,,,,,,,,,,,,
Dryopteridaceae,Polystichum,"christmas fern, hollyfern",h,4,,,,,,,,,,,,
Dryopteridaceae,Polystichum,"christmas fern, hollyfern",h,4,,,,,,,,,,,,
Pontederiaceae,Pontederia,pickerelweed,h,5,,,,,,,,,,,,
Pontederiaceae,Pontederia,pickerelweed,h,5,,,,,,,,,,,,
Salicaceae,Populus,"aspen, cottonwood, poplar",w,240,,,,,,,,,,,,
Salicaceae,Populus,"aspen, cottonwood, poplar",w,240,,,,,,,,,,,,
Potamogetonaceae,Potamogeton,pondweed,h,7,,,,,,,,,,,,
Potamogetonaceae,Potamogeton,pondweed,h,7,,,,,,,,,,,,
Rosaceae ,Potentilla,cinquefoil,h,7,,,,,,,,,,,,
Rosaceae ,Potentilla,cinquefoil,h,7,,,,,,,,,,,,
Rosaceae ,Prunus,"beach plum, cherry, chokecherry, peach, plum, sweet cherry, wild plum, almond",w,347,,,,,,,,,,,,
Rosaceae ,Prunus,"beach plum, cherry, chokecherry, peach, plum, sweet cherry, wild plum, almond",w,347,,,,,,,,,,,,
Asteraceae,Pseudognaphalium,"rabbit-tobacco, sweeteverlasting, cudweed",h,3,,,,,,,,,,,,
Asteraceae,Pseudognaphalium,"rabbit-tobacco, sweeteverlasting, cudweed",h,3,,,,,,,,,,,,
Dennstaedtiaceae,Pteridium,"brackenfern, bracken",h,10,,,,,,,,,,,,
Dennstaedtiaceae,Pteridium,"brackenfern, bracken",h,10,,,,,,,,,,,,
Apiaceae,Ptilimnium,"herbwilliam, mock bishopweed",h,1,,,,,,,,,,,,
Apiaceae,Ptilimnium,"herbwilliam, mock bishopweed",h,1,,,,,,,,,,,,
Lamiaceae,Pycnanthemum,mountainmint,h,4,,,,,,,,,,,,
Lamiaceae,Pycnanthemum,mountainmint,h,4,,,,,,,,,,,,
Ericaceae,Pyrola,wintergreen,h,2,,,,,,,,,,,,
Ericaceae,Pyrola,wintergreen,h,2,,,,,,,,,,,,
Fagaceae,Quercus,oak,w,463,,,,,,,,,,,,
Fagaceae,Quercus,oak,w,463,,,,,,,,,,,,
Ranunculaceae,Ranunculus,buttercup,h,6,,,,,,,,,,,,
Ranunculaceae,Ranunculus,buttercup,h,6,,,,,,,,,,,,
Melastomataceae,Rhexia,meadowbeauty,h,4,,,,,,,,,,,,
Melastomataceae,Rhexia,meadowbeauty,h,4,,,,,,,,,,,,
Ericaceae ,Rhododendron,"rhododendron, azalea, labrador tea",w,52,,,,,,,,,,,,
Ericaceae ,Rhododendron,"rhododendron, azalea, labrador tea",w,52,,,,,,,,,,,,
Anacardiaceae ,Rhus,sumac,w,54,,,,,,,,,,,,
Anacardiaceae ,Rhus,sumac,w,54,,,,,,,,,,,,
Cyperaceae,Rhynchospora,beaksedge,h,1,,,,,,,,,,,,
Cyperaceae,Rhynchospora,beaksedge,h,1,,,,,,,,,,,,
Grossulariaceae ,Ribes,"currant, gooseberry",w,67,,,,,,,,,,,,
Grossulariaceae ,Ribes,"currant, gooseberry",w,67,,,,,,,,,,,,
Brassicaceae,Rorippa,yellowcress,h,3,,,,,,,,,,,,
Brassicaceae,Rorippa,yellowcress,h,3,,,,,,,,,,,,
Rosaceae ,Rosa,"rose, sweetbriar",w,106,,,,,,,,,,,,
Rosaceae ,Rosa,"rose, sweetbriar",w,106,,,,,,,,,,,,
Lythraceae,Rotala,rotala,h,1,,,,,,,,,,,,
Lythraceae,Rotala,rotala,h,1,,,,,,,,,,,,
Rosaceae ,Rubus,"blackberry, dewberry, Himalayan berry, raspberry, thimbleberry, loganberry",w,135,,,,,,,,,,,,
Rosaceae ,Rubus,"blackberry, dewberry, Himalayan berry, raspberry, thimbleberry, loganberry",w,135,,,,,,,,,,,,
Asteraceae,Rudbeckia,"browneyed susan, blackeyed susan, coneflower",h,17,,,,,,,,,,,,
Asteraceae,Rudbeckia,"browneyed susan, blackeyed susan, coneflower",h,17,,,,,,,,,,,,
Acanthaceae,Ruellia,wild petunia,h,2,,,,,,,,,,,,
Acanthaceae,Ruellia,wild petunia,h,2,,,,,,,,,,,,
Polygonaceae ,Rumex,"dock, sheep sorrel, curly dock",h,43,,,,,,,,,,,,
Polygonaceae ,Rumex,"dock, sheep sorrel, curly dock",h,43,,,,,,,,,,,,
Poaceae,Saccharum,"sugarcane plumegrass, sugarcane, silver plumegrass",h,13,,,,,,,,,,,,
Poaceae,Saccharum,"sugarcane plumegrass, sugarcane, silver plumegrass",h,13,,,,,,,,,,,,
Alismataceae,Sagittaria,arrowhead,h,6,,,,,,,,,,,,
Alismataceae,Sagittaria,arrowhead,h,6,,,,,,,,,,,,
Salicaceae,Salix,willow,w,292,,,,,,,,,,,,
Salicaceae,Salix,willow,w,292,,,,,,,,,,,,
Lamiaceae,Salvia,sage,h,6,,,,,,,,,,,,
Lamiaceae,Salvia,sage,h,6,,,,,,,,,,,,
Adoxaceae,Sambucus,elderberry,w,32,,,,,,,,,,,,
Adoxaceae,Sambucus,elderberry,w,32,,,,,,,,,,,,
Papaveraceae,Sanguinaria,bloodroot,h,1,,,,,,,,,,,,
Papaveraceae,Sanguinaria,bloodroot,h,1,,,,,,,,,,,,
Sarraceniaceae,Sarracenia,"pitcher plant, yellow-trumpet",h,4,,,,,,,,,,,,
Sarraceniaceae,Sarracenia,"pitcher plant, yellow-trumpet",h,4,,,,,,,,,,,,
Lauraceae,Sassafras,sassafras,w,35,,,,,,,,,,,,
Lauraceae,Sassafras,sassafras,w,35,,,,,,,,,,,,
Saururaceae,Saururus,lizard's tail,h,2,,,,,,,,,,,,
Saururaceae,Saururus,lizard's tail,h,2,,,,,,,,,,,,
Poaceae,Schizachyrium,little bluestem,h,6,,,,,,,,,,,,
Poaceae,Schizachyrium,little bluestem,h,6,,,,,,,,,,,,
Cyperaceae,Schoenoplectus,bulrush,h,2,,,,,,,,,,,,
Cyperaceae,Schoenoplectus,bulrush,h,2,,,,,,,,,,,,
Cyperaceae,Scirpus,"woolgrass, bulrush",h,7,,,,,,,,,,,,
Cyperaceae,Scirpus,"woolgrass, bulrush",h,7,,,,,,,,,,,,
Cyperaceae,Scleria,nutrush,h,1,,,,,,,,,,,,
Cyperaceae,Scleria,nutrush,h,1,,,,,,,,,,,,
Scrophulariaceae,Scrophularia,"figwort, carpenter's square",h,4,,,,,,,,,,,,
Scrophulariaceae,Scrophularia,"figwort, carpenter's square",h,4,,,,,,,,,,,,
Lamiaceae,Scutellaria,skullcap,h,2,,,,,,,,,,,,
Lamiaceae,Scutellaria,skullcap,h,2,,,,,,,,,,,,
Crassulaceae ,Sedum,"orpine, stonecrop, green cockscomb",h,6,,,,,,,,,,,,
Crassulaceae ,Sedum,"orpine, stonecrop, green cockscomb",h,6,,,,,,,,,,,,
Asteraceae,Senecio,"butterweed, ragwort",h,15,,,,,,,,,,,,
Asteraceae,Senecio,"butterweed, ragwort",h,15,,,,,,,,,,,,
Fabaceae,Senna,senna,h,7,,,,,,,,,,,,
Fabaceae,Senna,senna,h,7,,,,,,,,,,,,
Asteraceae,Sericocarpus,whitetop aster,h,1,,,,,,,,,,,,
Asteraceae,Sericocarpus,whitetop aster,h,1,,,,,,,,,,,,
Fabaceae,Sesbania,"danglepod, rattlebox, bladderpod",h,9,,,,,,,,,,,,
Fabaceae,Sesbania,"danglepod, rattlebox, bladderpod",h,9,,,,,,,,,,,,
Poaceae,Setaria,coral bristlegrass,h,9,,,,,,,,,,,,
Poaceae,Setaria,coral bristlegrass,h,9,,,,,,,,,,,,
Caryophyllaceae ,Silene,"catchfly, moss champion",h,5,,,,,,,,,,,,
Caryophyllaceae ,Silene,"catchfly, moss champion",h,5,,,,,,,,,,,,
Apiaceae,Sium,water parsnip,h,3,,,,,,,,,,,,
Apiaceae,Sium,water parsnip,h,3,,,,,,,,,,,,
Smilacaceae,Smilax,greenbriar,w,19,,,,,,,,,,,,
Smilacaceae,Smilax,greenbriar,w,19,,,,,,,,,,,,
Solanaceae ,Solanum,"horsenettle, nightshade, potato, tomato, eggplant, aubergines",h,57,,,,,,,,,,,,
Solanaceae ,Solanum,"horsenettle, nightshade, potato, tomato, eggplant, aubergines",h,57,,,,,,,,,,,,
Asteraceae,Solidago,goldenrod,h,106,,,,,,,,,,,,
Asteraceae,Solidago,goldenrod,h,106,,,,,,,,,,,,
Poaceae,Sorghastrum,"slender indiangrass, indiangrass",h,5,,,,,,,,,,,,
Poaceae,Sorghastrum,"slender indiangrass, indiangrass",h,5,,,,,,,,,,,,
Typhaceae,Sparganium,bur-reed ,h,6,,,,,,,,,,,,
Typhaceae,Sparganium,bur-reed ,h,6,,,,,,,,,,,,
Poaceae,Spartina,cordgrass,h,13,,,,,,,,,,,,
Poaceae,Spartina,cordgrass,h,13,,,,,,,,,,,,
Rosaceae ,Spiraea,"meadowsweet, spirea",w,61,,,,,,,,,,,,
Rosaceae ,Spiraea,"meadowsweet, spirea",w,61,,,,,,,,,,,,
Orchidaceae,Spiranthes,lady's tresses,h,1,,,,,,,,,,,,
Orchidaceae,Spiranthes,lady's tresses,h,1,,,,,,,,,,,,
Lemnaceae,Spirodela,duckmeat,h,2,,,,,,,,,,,,
Lemnaceae,Spirodela,duckmeat,h,2,,,,,,,,,,,,
Poaceae,Sporobolus,dropseed,h,1,,,,,,,,,,,,
Poaceae,Sporobolus,dropseed,h,1,,,,,,,,,,,,
Lamiaceae ,Stachys,"hedgenettle, lamb's ear",h,8,,,,,,,,,,,,
Lamiaceae ,Stachys,"hedgenettle, lamb's ear",h,8,,,,,,,,,,,,
Staphyleaceae,Staphylea,bladdernut,w,2,,,,,,,,,,,,
Staphyleaceae,Staphylea,bladdernut,w,2,,,,,,,,,,,,
Caryophyllaceae ,Stellaria,"chickweed, starwort",h,13,,,,,,,,,,,,
Caryophyllaceae ,Stellaria,"chickweed, starwort",h,13,,,,,,,,,,,,
Fabaceae,Strophostyles,fuzzybean,h,4,,,,,,,,,,,,
Fabaceae,Strophostyles,fuzzybean,h,4,,,,,,,,,,,,
Fabaceae,Stylosanthes,pencilflower,h,2,,,,,,,,,,,,
Fabaceae,Stylosanthes,pencilflower,h,2,,,,,,,,,,,,
Caprifoliaceae ,Symphoricarpos,"snowberry, buckbush",w,19,,,,,,,,,,,,
Caprifoliaceae ,Symphoricarpos,"snowberry, buckbush",w,19,,,,,,,,,,,,
Asteraceae,Symphyotrichum,"aster, oldfield aster",h,90,,,,,,,,,,,,
Asteraceae,Symphyotrichum,"aster, oldfield aster",h,90,,,,,,,,,,,,
Araceae,Symplocarpus,skunk cabbage,h,1,,,,,,,,,,,,
Araceae,Symplocarpus,skunk cabbage,h,1,,,,,,,,,,,,
Apiaceae,Taenidia,"pimpernel, yellow pimpernel, mountain pimpernel",h,1,,,,,,,,,,,,
Apiaceae,Taenidia,"pimpernel, yellow pimpernel, mountain pimpernel",h,1,,,,,,,,,,,,
Cupressaceae   ,Taxodium,"cypress, bald cypress, pond cypress",w,12,,,,,,,,,,,,
Cupressaceae   ,Taxodium,"cypress, bald cypress, pond cypress",w,12,,,,,,,,,,,,
Taxaceae,Taxus,yew,w,5,,,,,,,,,,,,
Taxaceae,Taxus,yew,w,5,,,,,,,,,,,,
Fabaceae,Tephrosia,"hoarypea, fishpoison ",h,4,,,,,,,,,,,,
Fabaceae,Tephrosia,"hoarypea, fishpoison ",h,4,,,,,,,,,,,,
Lamiaceae,Teucrium,germander,h,2,,,,,,,,,,,,
Lamiaceae,Teucrium,germander,h,2,,,,,,,,,,,,
Ranunculaceae,Thalictrum,meadow rue,h,15,,,,,,,,,,,,
Ranunculaceae,Thalictrum,meadow rue,h,15,,,,,,,,,,,,
Apiaceae,Thaspium,meadowparsnip,h,1,,,,,,,,,,,,
Apiaceae,Thaspium,meadowparsnip,h,1,,,,,,,,,,,,
Thelypteridaceae,Thelypteris,"maiden fern, New York fern",h,5,,,,,,,,,,,,
Thelypteridaceae,Thelypteris,"maiden fern, New York fern",h,5,,,,,,,,,,,,
Malvaceae,Tilia,"basswood, linden",w,139,,,,,,,,,,,,
Malvaceae,Tilia,"basswood, linden",w,139,,,,,,,,,,,,
Anacardiaceae ,Toxicodendron,"poison oak, poison sumac, posion ivy",w,17,,,,,,,,,,,,
Anacardiaceae ,Toxicodendron,"poison oak, poison sumac, posion ivy",w,17,,,,,,,,,,,,
Commelinaceae,Tradescantia,spiderwort,h,4,,,,,,,,,,,,
Commelinaceae,Tradescantia,spiderwort,h,4,,,,,,,,,,,,
Lamiaceae,Trichostema,"fluxweed, bluecurls",h,1,,,,,,,,,,,,
Lamiaceae,Trichostema,"fluxweed, bluecurls",h,1,,,,,,,,,,,,
Poaceae,Tridens,"tall redtop, purple-top",h,8,,,,,,,,,,,,
Poaceae,Tridens,"tall redtop, purple-top",h,8,,,,,,,,,,,,
Trilliaceae,Trillium,"toadshade, trillium, wakerobin",h,2,,,,,,,,,,,,
Trilliaceae,Trillium,"toadshade, trillium, wakerobin",h,2,,,,,,,,,,,,
Caprifoliaceae ,Triosteum,"horse-gentian, feverwort",h,4,,,,,,,,,,,,
Caprifoliaceae ,Triosteum,"horse-gentian, feverwort",h,4,,,,,,,,,,,,
Poaceae,Tripsacum,gamagrass,h,2,,,,,,,,,,,,
Poaceae,Tripsacum,gamagrass,h,2,,,,,,,,,,,,
Poaceae,Triticum,wheat,h,27,,,,,,,,,,,,
Poaceae,Triticum,wheat,h,27,,,,,,,,,,,,
Pinaceae,Tsuga,hemock,w,69,,,,,,,,,,,,
Pinaceae,Tsuga,hemock,w,69,,,,,,,,,,,,
Brassicaceae,Turritis,"Tower Mustard, Towercress, rockcress",h,2,,,,,,,,,,,,
Brassicaceae,Turritis,"Tower Mustard, Towercress, rockcress",h,2,,,,,,,,,,,,
Typhaceae,Typha,cattail,h,16,,,,,,,,,,,,
Typhaceae,Typha,cattail,h,16,,,,,,,,,,,,
Ulmaceae,Ulmus,elm,w,174,,,,,,,,,,,,
Ulmaceae,Ulmus,elm,w,174,,,,,,,,,,,,
Lentibulariaceae,Utricularia,bladderwort,h,1,,,,,,,,,,,,
Lentibulariaceae,Utricularia,bladderwort,h,1,,,,,,,,,,,,
Colchicaceae,Uvularia,bellwort,h,1,,,,,,,,,,,,
Colchicaceae,Uvularia,bellwort,h,1,,,,,,,,,,,,
Ericaceae ,Vaccinium,"cranberry, blueberry",w,230,,,,,,,,,,,,
Ericaceae ,Vaccinium,"cranberry, blueberry",w,230,,,,,,,,,,,,
Hydrocharitaceae             ,Vallisneria,eelgrass,h,2,,,,,,,,,,,,
Hydrocharitaceae             ,Vallisneria,eelgrass,h,2,,,,,,,,,,,,
Melanthiaceae,Veratrum,"hellebore, bunchflower",h,3,,,,,,,,,,,,
Melanthiaceae,Veratrum,"hellebore, bunchflower",h,3,,,,,,,,,,,,
Verbenaceae,Verbena,"verbena, vervain",h,12,,,,,,,,,,,,
Verbenaceae,Verbena,"verbena, vervain",h,12,,,,,,,,,,,,
Asteraceae,Verbesina,"crownbeard, wing-stem",h,15,,,,,,,,,,,,
Asteraceae,Verbesina,"crownbeard, wing-stem",h,15,,,,,,,,,,,,
Asteraceae,Vernonia,ironweed,h,22,,,,,,,,,,,,
Asteraceae,Vernonia,ironweed,h,22,,,,,,,,,,,,
Plantaginaceae,Veronica,speedwell,h,7,,,,,,,,,,,,
Plantaginaceae,Veronica,speedwell,h,7,,,,,,,,,,,,
Plantaginaceae,Veronicastrum,Culver's root,h,1,,,,,,,,,,,,
Plantaginaceae,Veronicastrum,Culver's root,h,1,,,,,,,,,,,,
Adoxaceae,Viburnum,"arrowwood, viburnum, (Viburnum opulus=swamp elder), wild raisin",w,99,,,,,,,,,,,,
Adoxaceae,Viburnum,"arrowwood, viburnum, (Viburnum opulus=swamp elder), wild raisin",w,99,,,,,,,,,,,,
Violaceae,Viola,violet,h,26,,,,,,,,,,,,
Violaceae,Viola,violet,h,26,,,,,,,,,,,,
Vitaceae,Vitis,grape,w,64,,,,,,,,,,,,
Vitaceae,Vitis,grape,w,64,,,,,,,,,,,,
Blechnaceae,Woodwardia,chainfern,h,3,,,,,,,,,,,,
Blechnaceae,Woodwardia,chainfern,h,3,,,,,,,,,,,,
Asteraceae,Xanthium,spiny cocklebur ,h,11,,,,,,,,,,,,
Asteraceae,Xanthium,spiny cocklebur ,h,11,,,,,,,,,,,,
Agavaceae,Yucca,"yucca, adam's needle, spanish bayonet",h,6,,,,,,,,,,,,
Agavaceae,Yucca,"yucca, adam's needle, spanish bayonet",h,6,,,,,,,,,,,,
Rutaceae ,Zanthoxylum,"pricklyash, Chinese pepper",w,5,,,,,,,,,,,,
Rutaceae ,Zanthoxylum,"pricklyash, Chinese pepper",w,5,,,,,,,,,,,,
Poaceae,Zizania,wildrice,h,4,,,,,,,,,,,,
Poaceae,Zizania,wildrice,h,4,,,,,,,,,,,,
Apiaceae,Zizia,"meadow alexanders, zizia",h,2,,,,,,,,,,,,
Apiaceae,Zizia,"meadow alexanders, zizia",h,2,,,,,,,,,,,,
,,,,,,,,,,,,,,,,
,,,,,,,,,,,,,,,,
,,,,,,,,,,,,,,,,
,,,,,,,,,,,,,,,,
,,,,,,,,,,,,,,,,
,,,,,,,,,,,,,,,,
,,,,,,,,,,,,,,,,
,,,,,,,,,,,,,,,,
,,,,,,,,,,,,,,,,
,,,,,,,,,,,,,,,,
,,,,,,,,,,,,,,,,
,,,,,,,,,,,,,,,,
,,,,,,,,,,,,,,,,
,,,,,,,,,,,,,,,,
,,,,,,,,,,,,,,,,
,,,,,,,,,,,,,,,,
,,,,,,,,,,,,,,,,
,,,,,,,,,,,,,,,,
,,,,,,,,,,,,,,,,
,,,,,,,,,,,,,,,,
,,,,,,,,,,,,,,,,
,,,,,,,,,,,,,,,,
,,,,,,,,,,,,,,,,
,,,,,,,,,,,,,,,,
,,,,,,,,,,,,,,,,
,,,,,,,,,,,,,,,,
,,,,,,,,,,,,,,,,
,,,,,,,,,,,,,,,,
,,,,,,,,,,,,,,,,
,,,,,,,,,,,,,,,,
,,,,,,,,,,,,,,,,
,,,,,,,,,,,,,,,,
,,,,,,,,,,,,,,,,
,,,,,,,,,,,,,,,,
,,,,,,,,,,,,,,,,
,,,,,,,,,,,,,,,,
,,,,,,,,,,,,,,,,
,,,,,,,,,,,,,,,,
,,,,,,,,,,,,,,,,
,,,,,,,,,,,,,,,,
,,,,,,,,,,,,,,,,
,,,,,,,,,,,,,,,,
,,,,,,,,,,,,,,,,
,,,,,,,,,,,,,,,,
,,,,,,,,,,,,,,,,
,,,,,,,,,,,,,,,,
,,,,,,,,,,,,,,,,
,,,,,,,,,,,,,,,,
,,,,,,,,,,,,,,,,
,,,,,,,,,,,,,,,,
,,,,,,,,,,,,,,,,
,,,,,,,,,,,,,,,,
,,,,,,,,,,,,,,,,
,,,,,,,,,,,,,,,,
,,,,,,,,,,,,,,,,
,,,,,,,,,,,,,,,,
,,,,,,,,,,,,,,,,
,,,,,,,,,,,,,,,,
,,,,,,,,,,,,,,,,
,,,,,,,,,,,,,,,,
,,,,,,,,,,,,,,,,
,,,,,,,,,,,,,,,,
,,,,,,,,,,,,,,,,
,,,,,,,,,,,,,,,,
,,,,,,,,,,,,,,,,
,,,,,,,,,,,,,,,,
,,,,,,,,,,,,,,,,
,,,,,,,,,,,,,,,,
,,,,,,,,,,,,,,,,
,,,,,,,,,,,,,,,,
,,,,,,,,,,,,,,,,
,,,,,,,,,,,,,,,,
,,,,,,,,,,,,,,,,
,,,,,,,,,,,,,,,,
,,,,,,,,,,,,,,,,
,,,,,,,,,,,,,,,,
,,,,,,,,,,,,,,,,
,,,,,,,,,,,,,,,,
,,,,,,,,,,,,,,,,
,,,,,,,,,,,,,,,,
,,,,,,,,,,,,,,,,
,,,,,,,,,,,,,,,,
,,,,,,,,,,,,,,,,
,,,,,,,,,,,,,,,,
,,,,,,,,,,,,,,,,
,,,,,,,,,,,,,,,,
,,,,,,,,,,,,,,,,
,,,,,,,,,,,,,,,,
,,,,,,,,,,,,,,,,
,,,,,,,,,,,,,,,,
,,,,,,,,,,,,,,,,
,,,,,,,,,,,,,,,,
,,,,,,,,,,,,,,,,
,,,,,,,,,,,,,,,,
,,,,,,,,,,,,,,,,
,,,,,,,,,,,,,,,,
,,,,,,,,,,,,,,,,
,,,,,,,,,,,,,,,,
,,,,,,,,,,,,,,,,
,,,,,,,,,,,,,,,,
,,,,,,,,,,,,,,,,
,,,,,,,,,,,,,,,,
,,,,,,,,,,,,,,,,
,,,,,,,,,,,,,,,,
,,,,,,,,,,,,,,,,
,,,,,,,,,,,,,,,,
,,,,,,,,,,,,,,,,
,,,,,,,,,,,,,,,,
,,,,,,,,,,,,,,,,
,,,,,,,,,,,,,,,,
,,,,,,,,,,,,,,,,
,,,,,,,,,,,,,,,,
,,,,,,,,,,,,,,,,
,,,,,,,,,,,,,,,,
,,,,,,,,,,,,,,,,
,,,,,,,,,,,,,,,,
,,,,,,,,,,,,,,,,
,,,,,,,,,,,,,,,,
,,,,,,,,,,,,,,,,
,,,,,,,,,,,,,,,,
,,,,,,,,,,,,,,,,
,,,,,,,,,,,,,,,,
,,,,,,,,,,,,,,,,
,,,,,,,,,,,,,,,,
,,,,,,,,,,,,,,,,
,,,,,,,,,,,,,,,,
,,,,,,,,,,,,,,,,
,,,,,,,,,,,,,,,,
,,,,,,,,,,,,,,,,
,,,,,,,,,,,,,,,,
,,,,,,,,,,,,,,,,
,,,,,,,,,,,,,,,,
,,,,,,,,,,,,,,,,
,,,,,,,,,,,,,,,,
,,,,,,,,,,,,,,,,
,,,,,,,,,,,,,,,,
,,,,,,,,,,,,,,,,
,,,,,,,,,,,,,,,,
,,,,,,,,,,,,,,,,
,,,,,,,,,,,,,,,,
,,,,,,,,,,,,,,,,
,,,,,,,,,,,,,,,,
,,,,,,,,,,,,,,,,
,,,,,,,,,,,,,,,,
,,,,,,,,,,,,,,,,
,,,,,,,,,,,,,,,,
,,,,,,,,,,,,,,,,
,,,,,,,,,,,,,,,,
,,,,,,,,,,,,,,,,
,,,,,,,,,,,,,,,,
,,,,,,,,,,,,,,,,
,,,,,,,,,,,,,,,,
,,,,,,,,,,,,,,,,
,,,,,,,,,,,,,,,,
,,,,,,,,,,,,,,,,
,,,,,,,,,,,,,,,,
,,,,,,,,,,,,,,,,
,,,,,,,,,,,,,,,,
,,,,,,,,,,,,,,,,
,,,,,,,,,,,,,,,,
,,,,,,,,,,,,,,,,
,,,,,,,,,,,,,,,,
,,,,,,,,,,,,,,,,
,,,,,,,,,,,,,,,,
,,,,,,,,,,,,,,,,
,,,,,,,,,,,,,,,,
,,,,,,,,,,,,,,,,
,,,,,,,,,,,,,,,,
,,,,,,,,,,,,,,,,
,,,,,,,,,,,,,,,,
,,,,,,,,,,,,,,,,
,,,,,,,,,,,,,,,,
,,,,,,,,,,,,,,,,
,,,,,,,,,,,,,,,,
,,,,,,,,,,,,,,,,
,,,,,,,,,,,,,,,,
,,,,,,,,,,,,,,,,
,,,,,,,,,,,,,,,,
,,,,,,,,,,,,,,,,
,,,,,,,,,,,,,,,,
,,,,,,,,,,,,,,,,
,,,,,,,,,,,,,,,,
,,,,,,,,,,,,,,,,
,,,,,,,,,,,,,,,,
,,,,,,,,,,,,,,,,
,,,,,,,,,,,,,,,,
,,,,,,,,,,,,,,,,
,,,,,,,,,,,,,,,,
,,,,,,,,,,,,,,,,
,,,,,,,,,,,,,,,,
,,,,,,,,,,,,,,,,
,,,,,,,,,,,,,,,,
,,,,,,,,,,,,,,,,
,,,,,,,,,,,,,,,,
,,,,,,,,,,,,,,,,
,,,,,,,,,,,,,,,,
,,,,,,,,,,,,,,,,
,,,,,,,,,,,,,,,,
,,,,,,,,,,,,,,,,
,,,,,,,,,,,,,,,,
,,,,,,,,,,,,,,,,
,,,,,,,,,,,,,,,,
,,,,,,,,,,,,,,,,
,,,,,,,,,,,,,,,,
,,,,,,,,,,,,,,,,
,,,,,,,,,,,,,,,,
,,,,,,,,,,,,,,,,
,,,,,,,,,,,,,,,,
,,,,,,,,,,,,,,,,
,,,,,,,,,,,,,,,,
,,,,,,,,,,,,,,,,
,,,,,,,,,,,,,,,,
,,,,,,,,,,,,,,,,
,,,,,,,,,,,,,,,,
,,,,,,,,,,,,,,,,
,,,,,,,,,,,,,,,,
,,,,,,,,,,,,,,,,
,,,,,,,,,,,,,,,,
,,,,,,,,,,,,,,,,
,,,,,,,,,,,,,,,,
,,,,,,,,,,,,,,,,
,,,,,,,,,,,,,,,,
,,,,,,,,,,,,,,,,
,,,,,,,,,,,,,,,,
,,,,,,,,,,,,,,,,
,,,,,,,,,,,,,,,,
,,,,,,,,,,,,,,,,
,,,,,,,,,,,,,,,,
,,,,,,,,,,,,,,,,
,,,,,,,,,,,,,,,,
,,,,,,,,,,,,,,,,
,,,,,,,,,,,,,,,,
,,,,,,,,,,,,,,,,
,,,,,,,,,,,,,,,,
,,,,,,,,,,,,,,,,
,,,,,,,,,,,,,,,,
,,,,,,,,,,,,,,,,
,,,,,,,,,,,,,,,,
,,,,,,,,,,,,,,,,
,,,,,,,,,,,,,,,,
,,,,,,,,,,,,,,,,
,,,,,,,,,,,,,,,,
,,,,,,,,,,,,,,,,
,,,,,,,,,,,,,,,,
,,,,,,,,,,,,,,,,
,,,,,,,,,,,,,,,,
,,,,,,,,,,,,,,,,
,,,,,,,,,,,,,,,,
,,,,,,,,,,,,,,,,
,,,,,,,,,,,,,,,,
,,,,,,,,,,,,,,,,
,,,,,,,,,,,,,,,,
,,,,,,,,,,,,,,,,
,,,,,,,,,,,,,,,,
,,,,,,,,,,,,,,,,
,,,,,,,,,,,,,,,,
,,,,,,,,,,,,,,,,
,,,,,,,,,,,,,,,,
,,,,,,,,,,,,,,,,
,,,,,,,,,,,,,,,,
,,,,,,,,,,,,,,,,
,,,,,,,,,,,,,,,,
,,,,,,,,,,,,,,,,
,,,,,,,,,,,,,,,,
,,,,,,,,,,,,,,,,
,,,,,,,,,,,,,,,,
,,,,,,,,,,,,,,,,
,,,,,,,,,,,,,,,,
,,,,,,,,,,,,,,,,
,,,,,,,,,,,,,,,,
,,,,,,,,,,,,,,,,
,,,,,,,,,,,,,,,,
,,,,,,,,,,,,,,,,
,,,,,,,,,,,,,,,,
,,,,,,,,,,,,,,,,
,,,,,,,,,,,,,,,,
,,,,,,,,,,,,,,,,
,,,,,,,,,,,,,,,,
,,,,,,,,,,,,,,,,
,,,,,,,,,,,,,,,,
,,,,,,,,,,,,,,,,
,,,,,,,,,,,,,,,,
,,,,,,,,,,,,,,,,
,,,,,,,,,,,,,,,,
,,,,,,,,,,,,,,,,
,,,,,,,,,,,,,,,,
,,,,,,,,,,,,,,,,
,,,,,,,,,,,,,,,,
,,,,,,,,,,,,,,,,
,,,,,,,,,,,,,,,,
,,,,,,,,,,,,,,,,
,,,,,,,,,,,,,,,,
,,,,,,,,,,,,,,,,
,,,,,,,,,,,,,,,,
,,,,,,,,,,,,,,,,
,,,,,,,,,,,,,,,,
,,,,,,,,,,,,,,,,
,,,,,,,,,,,,,,,,
,,,,,,,,,,,,,,,,
,,,,,,,,,,,,,,,,
,,,,,,,,,,,,,,,,
,,,,,,,,,,,,,,,,
,,,,,,,,,,,,,,,,
,,,,,,,,,,,,,,,,
,,,,,,,,,,,,,,,,
,,,,,,,,,,,,,,,,
,,,,,,,,,,,,,,,,
,,,,,,,,,,,,,,,,
,,,,,,,,,,,,,,,,
,,,,,,,,,,,,,,,,
,,,,,,,,,,,,,,,,
,,,,,,,,,,,,,,,,
,,,,,,,,,,,,,,,,
,,,,,,,,,,,,,,,,
,,,,,,,,,,,,,,,,
,,,,,,,,,,,,,,,,
,,,,,,,,,,,,,,,,
,,,,,,,,,,,,,,,,
,,,,,,,,,,,,,,,,
,,,,,,,,,,,,,,,,
,,,,,,,,,,,,,,,,
,,,,,,,,,,,,,,,,
,,,,,,,,,,,,,,,,
,,,,,,,,,,,,,,,,
,,,,,,,,,,,,,,,,
,,,,,,,,,,,,,,,,
,,,,,,,,,,,,,,,,
,,,,,,,,,,,,,,,,
,,,,,,,,,,,,,,,,
,,,,,,,,,,,,,,,,
,,,,,,,,,,,,,,,,
,,,,,,,,,,,,,,,,
,,,,,,,,,,,,,,,,
,,,,,,,,,,,,,,,,
,,,,,,,,,,,,,,,,
,,,,,,,,,,,,,,,,
,,,,,,,,,,,,,,,,
,,,,,,,,,,,,,,,,
,,,,,,,,,,,,,,,,
,,,,,,,,,,,,,,,,
,,,,,,,,,,,,,,,,
,,,,,,,,,,,,,,,,
,,,,,,,,,,,,,,,,
,,,,,,,,,,,,,,,,
,,,,,,,,,,,,,,,,
,,,,,,,,,,,,,,,,
,,,,,,,,,,,,,,,,
,,,,,,,,,,,,,,,,
,,,,,,,,,,,,,,,,
,,,,,,,,,,,,,,,,
,,,,,,,,,,,,,,,,
,,,,,,,,,,,,,,,,
,,,,,,,,,,,,,,,,
,,,,,,,,,,,,,,,,
,,,,,,,,,,,,,,,,
,,,,,,,,,,,,,,,,
,,,,,,,,,,,,,,,,
,,,,,,,,,,,,,,,,
,,,,,,,,,,,,,,,,
,,,,,,,,,,,,,,,,
,,,,,,,,,,,,,,,,
,,,,,,,,,,,,,,,,
,,,,,,,,,,,,,,,,
,,,,,,,,,,,,,,,,
,,,,,,,,,,,,,,,,
,,,,,,,,,,,,,,,,
,,,,,,,,,,,,,,,,
,,,,,,,,,,,,,,,,
,,,,,,,,,,,,,,,,
,,,,,,,,,,,,,,,,
,,,,,,,,,,,,,,,,
,,,,,,,,,,,,,,,,
,,,,,,,,,,,,,,,,
,,,,,,,,,,,,,,,,
,,,,,,,,,,,,,,,,
,,,,,,,,,,,,,,,,
,,,,,,,,,,,,,,,,
,,,,,,,,,,,,,,,,
,,,,,,,,,,,,,,,,
,,,,,,,,,,,,,,,,
,,,,,,,,,,,,,,,,
,,,,,,,,,,,,,,,,
,,,,,,,,,,,,,,,,
,,,,,,,,,,,,,,,,
,,,,,,,,,,,,,,,,
,,,,,,,,,,,,,,,,
,,,,,,,,,,,,,,,,
,,,,,,,,,,,,,,,,
,,,,,,,,,,,,,,,,
,,,,,,,,,,,,,,,,
,,,,,,,,,,,,,,,,
,,,,,,,,,,,,,,,,
,,,,,,,,,,,,,,,,
,,,,,,,,,,,,,,,,
,,,,,,,,,,,,,,,,
,,,,,,,,,,,,,,,,
,,,,,,,,,,,,,,,,
,,,,,,,,,,,,,,,,
,,,,,,,,,,,,,,,,
,,,,,,,,,,,,,,,,
,,,,,,,,,,,,,,,,
,,,,,,,,,,,,,,,,
,,,,,,,,,,,,,,,,
,,,,,,,,,,,,,,,,
,,,,,,,,,,,,,,,,
,,,,,,,,,,,,,,,,
,,,,,,,,,,,,,,,,
,,,,,,,,,,,,,,,,
,,,,,,,,,,,,,,,,
,,,,,,,,,,,,,,,,
,,,,,,,,,,,,,,,,
,,,,,,,,,,,,,,,,
,,,,,,,,,,,,,,,,
,,,,,,,,,,,,,,,,
,,,,,,,,,,,,,,,,
,,,,,,,,,,,,,,,,
,,,,,,,,,,,,,,,,
,,,,,,,,,,,,,,,,
,,,,,,,,,,,,,,,,
,,,,,,,,,,,,,,,,
,,,,,,,,,,,,,,,,
,,,,,,,,,,,,,,,,
,,,,,,,,,,,,,,,,
,,,,,,,,,,,,,,,,
,,,,,,,,,,,,,,,,
,,,,,,,,,,,,,,,,
,,,,,,,,,,,,,,,,
,,,,,,,,,,,,,,,,
,,,,,,,,,,,,,,,,
,,,,,,,,,,,,,,,,
,,,,,,,,,,,,,,,,
,,,,,,,,,,,,,,,,
,,,,,,,,,,,,,,,,
,,,,,,,,,,,,,,,,
,,,,,,,,,,,,,,,,
,,,,,,,,,,,,,,,,
,,,,,,,,,,,,,,,,
,,,,,,,,,,,,,,,,
,,,,,,,,,,,,,,,,
,,,,,,,,,,,,,,,,
,,,,,,,,,,,,,,,,
,,,,,,,,,,,,,,,,
,,,,,,,,,,,,,,,,
,,,,,,,,,,,,,,,,
,,,,,,,,,,,,,,,,
,,,,,,,,,,,,,,,,
,,,,,,,,,,,,,,,,
,,,,,,,,,,,,,,,,
,,,,,,,,,,,,,,,,
,,,,,,,,,,,,,,,,
,,,,,,,,,,,,,,,,
,,,,,,,,,,,,,,,,
,,,,,,,,,,,,,,,,
,,,,,,,,,,,,,,,,
,,,,,,,,,,,,,,,,
,,,,,,,,,,,,,,,,
,,,,,,,,,,,,,,,,
,,,,,,,,,,,,,,,,
,,,,,,,,,,,,,,,,
,,,,,,,,,,,,,,,,
,,,,,,,,,,,,,,,,
,,,,,,,,,,,,,,,,
,,,,,,,,,,,,,,,,
,,,,,,,,,,,,,,,,
,,,,,,,,,,,,,,,,
,,,,,,,,,,,,,,,,
,,,,,,,,,,,,,,,,
,,,,,,,,,,,,,,,,
,,,,,,,,,,,,,,,,
,,,,,,,,,,,,,,,,
,,,,,,,,,,,,,,,,
,,,,,,,,,,,,,,,,
,,,,,,,,,,,,,,,,
,,,,,,,,,,,,,,,,
,,,,,,,,,,,,,,,,
,,,,,,,,,,,,,,,,
,,,,,,,,,,,,,,,,
,,,,,,,,,,,,,,,,
,,,,,,,,,,,,,,,,
,,,,,,,,,,,,,,,,
,,,,,,,,,,,,,,,,
,,,,,,,,,,,,,,,,
,,,,,,,,,,,,,,,,
,,,,,,,,,,,,,,,,
,,,,,,,,,,,,,,,,
,,,,,,,,,,,,,,,,
,,,,,,,,,,,,,,,,
,,,,,,,,,,,,,,,,
,,,,,,,,,,,,,,,,
,,,,,,,,,,,,,,,,
,,,,,,,,,,,,,,,,
,,,,,,,,,,,,,,,,
,,,,,,,,,,,,,,,,
,,,,,,,,,,,,,,,,
,,,,,,,,,,,,,,,,